date,account,balance
2026-01-01,General Reserve,97129.50
2026-02-01,General Reserve,103357.61
2026-03-21,General Reserve,106475.18
2026-04-21,General Reserve,89808.25
2026-05-21,General Reserve,75718.43
2026-06-09,General Reserve,78829.49
2026-07-13,General Reserve,78039.08
2026-08-03,General Reserve,81149.05
2026-09-05,General Reserve,69939.58
2026-10-08,General Reserve,65668.03
2026-01-01,Operating Account,21027.73
2026-02-01,Operating Account,30541.77
2026-03-21,Operating Account,20598.10
2026-04-21,Operating Account,17217.09
2026-05-21,Operating Account,23507.36
2026-06-09,Operating Account,20553.99
2026-07-13,Operating Account,21937.16
2026-08-03,Operating Account,20771.23
2026-09-05,Operating Account,20589.12
2026-10-08,Operating Account,22812.39
2026-01-01,CD Account,78795.98
2026-02-01,CD Account,78795.98
2026-03-21,CD Account,79527.92
2026-04-21,CD Account,79527.92
2026-05-21,CD Account,80075.02
2026-06-09,CD Account,80075.02
2026-07-13,CD Account,80347.51
2026-08-03,CD Account,80612.08
2026-09-05,CD Account,80886.39
2026-10-08,CD Account,81161.64
